-- MySQL dump 10.13  Distrib 8.0.20, for Win64 (x86_64)
--
-- Host: localhost    Database: guardianleaguetable
-- ------------------------------------------------------
-- Server version	8.0.20

/*!40101 SET @OLD_CHARACTER_SET_CLIENT=@@CHARACTER_SET_CLIENT */;
/*!40101 SET @OLD_CHARACTER_SET_RESULTS=@@CHARACTER_SET_RESULTS */;
/*!40101 SET @OLD_COLLATION_CONNECTION=@@COLLATION_CONNECTION */;
/*!50503 SET NAMES utf8 */;
/*!40103 SET @OLD_TIME_ZONE=@@TIME_ZONE */;
/*!40103 SET TIME_ZONE='+00:00' */;
/*!40014 SET @OLD_UNIQUE_CHECKS=@@UNIQUE_CHECKS, UNIQUE_CHECKS=0 */;
/*!40014 SET @OLD_FOREIGN_KEY_CHECKS=@@FOREIGN_KEY_CHECKS, FOREIGN_KEY_CHECKS=0 */;
/*!40101 SET @OLD_SQL_MODE=@@SQL_MODE, SQL_MODE='NO_AUTO_VALUE_ON_ZERO' */;
/*!40111 SET @OLD_SQL_NOTES=@@SQL_NOTES, SQL_NOTES=0 */;

--
-- Table structure for table `complete_uni_compare`
--

DROP TABLE IF EXISTS `complete_uni_compare`;
/*!40101 SET @saved_cs_client     = @@character_set_client */;
/*!50503 SET character_set_client = utf8mb4 */;
CREATE TABLE `complete_uni_compare` (
  `name` varchar(50) NOT NULL,
  `2020 Rank` text,
  `Accounting & Finance Rank` text,
  `Agriculture Rank` text,
  `American Studies Rank` text,
  `Anatomy & Physiology Rank` text,
  `Architecture Rank` text,
  `Art & Design Rank` text,
  `Biosciences Rank` text,
  `Business Management Rank` text,
  `Chemical Engineering Rank` text,
  `Chemistry Rank` text,
  `Civil Engineering Rank` text,
  `Classics & Ancient History Rank` text,
  `Computer Science Rank` text,
  `Dentistry Rank` text,
  `Drama Rank` text,
  `Economics Rank` text,
  `Education Rank` text,
  `Electrical Engineering Rank` text,
  `English Rank` text,
  `Forensic Science Rank` text,
  `General Engineering Rank` text,
  `Geography & Env Studies Rank` text,
  `History Rank` text,
  `Hospitality Rank` text,
  `Law Rank` text,
  `Mathematics Rank` text,
  `Mechanical Engineering Rank` text,
  `Media Studies Rank` text,
  `Medicine Rank` text,
  `Music Rank` text,
  `Nursing Rank` text,
  `Pharmacy & Pharmacology Rank` text,
  `Philosophy Rank` text,
  `Physics Rank` text,
  `Politics Rank` text,
  `Psychology Rank` text,
  `Religious Studies Rank` text,
  `Social Policy Rank` text,
  `Social Work Rank` text,
  `Sociology Rank` text,
  `Sports Science Rank` text,
  `Town Planning Rank` text,
  `Veterinary Science Rank` text,
  PRIMARY KEY (`name`)
) ENGINE=InnoDB DEFAULT CHARSET=utf8mb4 COLLATE=utf8mb4_0900_ai_ci;
/*!40101 SET character_set_client = @saved_cs_client */;

--
-- Dumping data for table `complete_uni_compare`
--

LOCK TABLES `complete_uni_compare` WRITE;
/*!40000 ALTER TABLE `complete_uni_compare` DISABLE KEYS */;
INSERT INTO `complete_uni_compare` VALUES ('Aberdeen','29','10','','','20','','','35','13','23','53','9','','29','9','','17','8','19','15','','7','20','22','','9','24','30','','11','15','','20','26','26','29','25','15','','','26','2','',''),('Abertay','103','90','','','','','69','86','94','','','40','','51','','','','','','','9','','','','','39','','','','','','70','','','','','79','','','','51','31','',''),('Aberystwyth','71','52','7','','','','14','45','51','','','','','30','','36','65','66','','28','','','17','38','6','42','38','','55','','','','','','43','28','82','','','','','26','',''),('Anglia Ruskin','118','94','19','','35','52','59','101','96','','','47','','104','','72','76','74','70','96','29','','','86','57','97','','65','85','','64','50','43','47','','','107','','30','32','90','75','',''),('Aston','34','36','','','','','','26','37','25','35','','','43','','','23','','38','65','','16','','','','45','52','41','','','','','18','','','36','37','','14','','29','','',''),('Bangor','83','78','10','','32','','41','82','66','','34','','','47','','','51','21','33','54','','','42','50','','51','','','62','','29','30','','41','','','33','','20','74','43','21','',''),('Bath','9','6','','','','1','','10','2','8','14','4','','9','','','7','','12','','','','','','','','12','4','','','','','9','','14','10','2','','2','11','3','6','',''),('Bath Spa','94','','','','','','40','93','89','','','','','68','','51','','72','','78','','','73','75','','','','','58','','42','','','35','','','89','30','','','88','','',''),('Bedfordshire','122','91','','','','','83','78','108','','','','','105','','78','','53','48','55','30','','','','54','94','','','89','','','41','','','','','83','','33','30','64','63','',''),('Birmingham','13','15','','1','21','','','13','15','5','20','19','8','16','11','4','21','13','18','9','','','10','12','2','26','14','17','','28','5','7','11','9','5','18','17','7','4','5','21','7','7',''),('Birmingham City','91','74','','','','40','55','','86','','','','','87','','62','64','27','62','63','','','','','','83','','67','57','','37','51','','','','','98','','34','47','69','','22',''),('Bolton','128','93','','','','','82','','110','','','56','','108','','92','','76','','61','','26','','','','91','65','70','92','','','71','','','','','78','','','41','','78','',''),('Bournemouth','70','81','','','','','25','100','64','','','','','61','','52','','','','77','23','20','61','66','11','60','','','48','','55','58','','','','57','93','','','28','75','47','',''),('Bradford','63','51','','','','','','56','62','24','33','29','','75','','','61','','68','','3','22','','','','74','','44','96','','','24','24','','','51','76','','','52','35','72','',''),('Brighton','114','82','','','','45','53','92','82','','46','55','','98','','67','','24','60','99','','','68','89','40','73','71','62','87','','69','48','29','43','','74','106','','39','43','86','45','',''),('Bristol','16','31','','','13','','','18','20','','17','8','11','15','12','15','14','','13','10','','2','5','15','','14','22','5','','12','11','','8','11','17','16','6','4','5','35','5','','','3'),('Brunel University London','69','69','','','','','8','60','63','','','30','','41','','61','69','42','41','72','','','','49','','50','58','46','45','','25','','','','','43','74','','','','65','34','',''),('Buckinghamshire New','115','87','','','','','44','','93','','','','','110','','98','','','','','','','','','48','101','','','95','','','67','','','','','113','','','58','','62','',''),('Cambridge','1','','','','','2','','1','','1','2','1','1','1','','','1','5','1','2','','1','1','1','','1','2','1','','2','3','','','2','3','2','3','1','','','1','','1','5'),('Canterbury Christ Church','117','96','','17','','','76','91','118','','','','','111','','95','','54','','101','34','','67','74','33','102','','','71','','73','55','','','','81','102','27','','60','95','73','',''),('Cardiff','26','28','','','11','7','','37','25','','26','10','22','28','3','','32','45','27','32','','14','22','25','','32','29','18','5','15','12','12','2','24','23','35','16','20','19','','30','','10',''),('Cardiff Metropolitan','96','97','','','','48','61','74','113','','','','','92','','100','70','80','','102','','','','','32','','','','','','','','','','','','104','','','65','','37','',''),('Central Lancashire','75','67','','','29','38','39','52','68','','48','43','','95','16','54','66','73','42','70','10','15','60','62','17','75','73','38','42','34','58','39','33','38','48','67','43','','25','25','56','54','',''),('Chester','101','77','18','','','','67','69','91','28','','','','94','','76','75','50','','90','','','52','76','34','79','57','61','83','','43','42','','','','80','90','24','36','77','93','39','',''),('Chichester','88','99','','','','','74','','103','','','','','106','','63','','58','','88','','','','64','15','','74','','93','','68','','','','','','91','31','','78','','46','',''),('Coventry','53','57','','','27','22','19','68','52','','','34','','53','','25','42','','39','42','8','23','39','55','7','59','36','23','38','','36','22','39','','','62','39','','23','54','48','22','',''),('Cumbria','120','','16','','','','65','102','116','','','','','','','96','','52','','107','33','','63','','51','98','','','91','','','62','','','','','96','','','80','','81','',''),('De Montfort','67','42','','','','21','26','','45','','31','','','57','','28','45','63','55','45','12','','','51','29','63','56','43','32','','57','56','35','','47','58','44','','','38','55','','',''),('Derby','97','56','','','','36','45','80','67','','','48','','65','','46','','41','52','67','18','','48','71','30','61','70','58','46','','65','53','','','','78','72','','','56','53','52','',''),('Dundee','31','46','','','4','20','27','4','50','','','27','','35','2','','34','7','','44','1','','26','39','','10','28','29','','6','','46','17','37','24','34','64','','','23','','','',''),('Durham','6','12','','','','','','6','9','','3','','3','8','','','8','9','','1','','5','2','3','','5','4','','','','1','','','8','4','9','12','2','','','11','8','',''),('East London','116','84','','','28','55','63','79','112','','','53','','84','','44','71','70','','','','','','','45','71','','','63','','70','','44','','','66','70','','','40','72','48','',''),('Edge Hill','58','54','','','','','','77','71','','','','','83','','64','','29','','51','','','65','67','','58','','','67','','61','43','','','','','61','','27','53','71','35','',''),('Edinburgh','16','17','','','19','10','10','20','24','19','15','14','21','10','','23','19','4','9','26','','','23','26','','7','8','13','','5','10','2','','19','18','12','14','10','6','1','6','5','3','4'),('Edinburgh Napier','86','45','','','','51','60','76','58','','','35','','63','','13','','','','37','','29','','','25','88','','','19','','35','65','','','','','58','','','','37','33','',''),('Essex','44','59','','14','','','','55','61','','','','','45','','6','39','','25','47','','','','59','','54','37','','31','','','68','','33','','26','38','','','69','33','12','',''),('Exeter','11','9','','','','','','15','3','','','12','5','11','','5','10','','11','6','','8','9','9','','15','19','19','','10','','','','7','16','8','8','5','','','4','3','',''),('Falmouth','77','','','','','50','30','','119','','','','','','','40','','','','86','','','','','39','','','','59','','48','','','','','','','','','','','','',''),('Glasgow','18','1','','','5','','33','17','12','','6','2','6','7','1','1','12','1','5','11','','','6','17','','3','17','9','','3','6','1','3','27','12','17','10','12','10','','8','1','','1'),('Glasgow Caledonian','77','40','','','','','','27','53','','','45','','79','','','','','51','','6','25','','','8','19','','63','20','','','29','','','','','41','','','10','47','','18',''),('Gloucestershire','99','72','','','','','75','62','90','','','','','99','','53','','49','','94','','','51','84','9','57','','','79','','75','','','49','','','87','33','','71','67','32','16',''),('Glyndwr','130','','','','','','','','','','','','','','','','','','','','','','','','','','','','','','','','','','','','','','','','','','',''),('Greenwich','83','63','','','','30','56','57','97','','50','38','','78','','50','67','67','58','66','22','','36','78','16','68','68','32','65','','47','23','','','','45','88','','','57','78','60','24',''),('Heriot-Watt','35','23','','','','','18','33','32','16','16','22','','34','','','26','','28','','','','','','','','10','15','','','','','','','22','','53','','','','','','9',''),('Hertfordshire','74','66','','','','','47','58','79','','','','','77','','34','59','61','50','68','','','45','37','38','89','53','54','52','','51','54','36','29','37','','73','','','16','','41','',''),('Huddersfield','64','53','','','22','47','37','54','57','29','39','','','46','','30','57','20','43','38','7','','','45','20','80','','28','72','','32','19','26','','','50','51','','','33','32','69','',''),('Hull','81','49','','15','','','','49','55','22','47','','','49','','56','50','46','47','75','17','21','38','43','','43','39','49','50','','49','25','','45','46','53','55','','','18','40','51','',''),('Imperial College London','5','','','','','','','3','','3','12','6','','3','','','','','3','','','4','','','','','5','2','','7','','','','','7','','','','','','','','',''),('Keele','52','47','','13','30','','','47','70','','30','','','81','','','62','23','','50','2','','49','30','','36','55','','24','9','41','9','13','31','42','39','63','','22','22','31','','',''),('Kent','49','26','','5','','16','11','21','35','','45','','17','31','','24','40','','34','27','4','','','21','','18','27','','40','','30','','','30','38','31','21','21','12','29','22','25','',''),('King\'s College London','25','','','','16','','','14','5','','13','','12','18','7','17','46','','26','17','','','34','23','','8','31','','','17','19','10','16','22','30','21','7','17','','','12','','',''),('Kingston','93','83','','','','42','16','90','92','','58','54','','86','','70','74','79','','95','28','','53','','','99','75','68','76','','76','','40','','','79','97','','','','91','57','',''),('Lancaster','7','11','','','','','3','11','11','7','11','','','21','','7','16','','20','8','','','8','7','','13','9','16','8','16','','','','15','6','11','9','6','','4','2','','',''),('Leeds','14','4','','','10','','5','25','6','9','22','21','15','6','10','21','11','33','4','21','','','11','11','','16','21','7','2','19','8','8','12','20','15','24','32','11','8','37','14','15','8',''),('Leeds Beckett','121','85','','','','44','77','87','100','','','49','','100','','90','73','69','66','98','','','64','91','14','93','','','80','','78','60','','','','71','101','','','75','84','59','23',''),('Leeds Trinity','112','','','','','','','','107','','','','','','','','','59','','87','','','','','','','','','81','','','','','51','','','105','32','','70','89','74','',''),('Leicester','44','43','','8','','','','43','47','','28','','25','39','','','53','','63','33','','11','32','47','','37','44','31','15','30','','','','','32','44','42','','','','36','','',''),('Lincoln','42','41','6','','','33','24','34','46','','51','','','48','','55','','','','48','11','','','28','1','44','67','45','33','','66','27','31','','49','60','46','','24','17','76','29','',''),('Liverpool','28','22','','','12','13','','28','30','','7','18','19','27','14','','24','','32','30','','','29','34','','33','46','27','21','32','45','6','22','23','27','46','36','','','','27','','14','7'),('Liverpool Hope','62','73','','','','','48','94','95','','','','','36','','35','','18','','29','','','31','32','43','87','63','','43','','27','','','25','','63','47','18','15','31','42','28','',''),('Liverpool John Moores','66','50','','','','31','32','73','77','','40','44','','66','','66','','39','35','59','19','12','62','41','5','52','51','52','30','','','37','28','','','','59','','','48','45','11','',''),('London Metropolitan','126','89','','','','46','62','72','102','','54','','','103','','88','72','68','69','104','','','','','55','92','60','','88','','67','','42','','','76','103','','31','51','79','71','',''),('London School of Economics','4','5','','','','','','','14','','','','','','','','5','','','','','','7','8','','6','13','','','','','','','3','','3','','','1','','7','','',''),('London South Bank','87','68','','','','35','38','89','81','21','','42','','59','','48','63','35','49','64','25','19','','','26','34','','37','60','','54','45','','','','59','54','','','15','63','20','21',''),('Loughborough','8','7','','','8','9','4','','4','14','27','15','','22','','26','15','','15','20','','','13','18','','','18','12','4','','','','','','31','14','18','','9','','9','4','5',''),('Manchester','15','21','','3','15','','','19','22','12','25','20','18','12','4','10','25','11','14','16','','','15','19','','17','16','26','','26','2','3','10','13','10','19','35','16','','','10','','13',''),('Manchester Metropolitan','56','64','','7','26','','7','64','69','','44','','','70','','33','56','31','53','58','20','','43','58','12','48','69','53','51','','','20','','42','','65','67','','','42','58','27','',''),('Middlesex','89','58','','','','49','52','75','85','','','','','93','','49','58','36','','100','','','','','44','53','61','','75','','63','52','','','','72','77','','28','45','73','19','',''),('Newcastle','22','13','4','','2','8','2','30','21','15','36','26','14','26','5','','18','','16','12','','','12','24','','27','33','22','3','14','21','','27','6','25','22','11','','','','23','','12',''),('Newman','125','','','','','','','','122','','','','','','','99','','56','','60','','','','57','','','','','','','','','','','','','109','29','','','','67','',''),('Northampton','110','71','','','','53','66','99','114','','','','','109','','93','77','43','','82','','28','66','61','46','95','','','94','','80','47','','','','83','111','','40','66','92','80','',''),('Northumbria','50','39','','','','24','29','41','60','','55','28','','72','','58','','25','36','49','','','47','42','','56','49','39','16','','','16','','','44','54','48','','','34','39','44','',''),('Nottingham','19','14','1','4','24','14','','29','17','4','8','16','10','17','','38','9','','10','13','','','16','14','','12','15','14','6','24','13','14','4','21','8','20','19','9','7','2','15','10','','6'),('Nottingham Trent','38','34','3','','','29','9','23','38','','19','33','','55','','22','35','40','','41','5','','40','56','','46','48','','25','','','','','39','40','56','29','','','36','59','16','',''),('Oxford','2','','','','3','','1','2','','2','1','3','2','2','','','2','','2','3','','3','3','2','','4','1','3','','1','7','','','1','2','1','1','3','','','','','',''),('Oxford Brookes','51','55','15','','33','15','50','51','49','','','','','54','','16','54','38','','36','','','56','52','10','86','','42','23','','33','34','','44','','55','60','','','55','41','50','19',''),('Plymouth','77','60','11','','31','23','51','67','65','','41','36','','42','15','60','55','30','40','40','','','44','60','28','47','72','35','','20','52','28','','','','47','57','','35','12','57','82','',''),('Portsmouth','53','38','','9','25','37','36','32','44','17','','37','','44','','59','49','75','37','62','','18','41','46','19','38','45','48','35','','','18','30','','39','33','31','','','24','24','18','',''),('Queen Margaret','68','','','','','','','61','75','','','','','','','3','','','','','','','','','27','','','','28','','','35','41','','','','56','','','','34','','',''),('Reading','40','25','5','','','19','31','65','29','','42','','20','56','','45','44','14','','57','','','35','54','','31','40','','','','','','19','40','','40','49','','','','','','11',''),('Robert Gordon','85','30','','','','27','22','44','41','','','','','60','','','','','46','','13','','','','18','40','','50','41','','','64','15','','','','','','','8','38','36','',''),('Roehampton','81','80','','','','','','59','104','','','','24','','','57','','22','','69','','','','53','','78','','','49','','','','','34','','','65','19','','','52','24','',''),('Salford','80','70','','','18','41','49','83','78','','57','41','','58','','71','60','','54','71','','','50','77','22','84','34','57','27','','50','40','','','45','68','86','','18','20','54','42','',''),('Sheffield','33','16','','','','3','','16','16','11','24','7','','19','13','','31','34','22','14','','','27','10','','20','26','11','1','18','17','','','14','33','7','22','8','17','','13','','4',''),('Sheffield Hallam','73','76','','','','43','42','66','72','','49','','','69','','81','','44','44','83','','','55','69','21','66','59','56','66','','','44','','','','70','84','','','59','68','38','',''),('SOAS University of London','44','','','','','','','','28','','','','','','','','41','','','','','','','35','','41','','','','','26','','','','','37','','14','','','','','',''),('Solent','105','86','','','','39','71','','84','','','','','101','','79','','','64','76','','','','','35','90','','69','70','','71','','','','','','108','','','50','','70','',''),('South Wales','113','75','','','','','54','96','98','','52','50','','73','','68','','71','56','81','27','','71','85','41','81','42','60','82','','60','38','','','','','99','','','62','87','65','',''),('Southampton','20','32','','','7','','17','24','18','','29','5','9','14','','','28','10','7','23','','','18','20','','25','20','8','10','31','4','5','21','18','13','27','28','','','','28','','',''),('St Andrews','3','','','','1','','','5','1','','5','','4','4','','','4','','','4','','','4','4','','','3','','','25','','','','4','1','6','4','13','','','','','',''),('Staffordshire','58','100','','','','','28','81','74','','','','','64','','47','','57','57','52','24','','58','73','23','67','','64','47','','44','61','','','','','45','','29','39','60','23','',''),('Stirling','43','19','','','','','','50','31','','','','','52','','','33','3','','22','','','19','40','','24','43','','13','','','31','','28','','25','30','','11','3','17','17','',''),('Strathclyde','39','2','','','','5','','7','7','6','18','11','','24','','','13','6','6','34','','9','','27','','11','11','6','9','','','','1','','28','15','27','','3','21','','30','',''),('Suffolk','129','','','','','','81','98','101','','','','','107','','101','','','','103','','','','92','56','','','','73','','','66','','','','','114','','','61','96','56','',''),('Sunderland','107','92','','','','','64','63','117','','','','','85','','69','','26','67','56','','','','88','24','77','','51','53','','59','','38','','','','80','','','68','83','76','',''),('Surrey','23','37','','','','','','36','33','26','21','25','','32','','8','22','','21','24','','','','','3','55','32','21','22','','18','4','','','19','49','26','','','','19','9','',''),('Sussex','32','18','','2','14','','','22','26','','38','','','33','','2','37','','24','19','','','21','16','','30','25','36','14','','31','','25','12','35','23','15','','','14','25','','',''),('Swansea','35','29','','10','','','','42','40','13','56','17','23','25','','','38','55','23','31','','10','28','36','','35','41','20','7','4','','26','','','29','41','23','','16','13','50','14','',''),('Teesside','100','61','','','','','43','70','83','20','59','32','','74','','85','','48','59','46','16','','69','48','','65','','33','68','','','49','','','','','50','','','44','49','61','',''),('Trinity Saint David','102','','','','','57','21','','115','','','','26','67','','75','','78','','106','','','','81','53','','','59','','','','','','','','','110','34','38','79','','79','',''),('UEA','21','20','','6','','','','31','27','','32','','','38','','29','29','17','','43','','','30','29','','28','35','','17','21','','11','14','36','','38','34','','','6','20','13','',''),('Ulster','58','24','','','37','17','23','38','54','','','24','','62','','74','43','','31','74','','13','46','65','4','62','54','24','64','','38','13','5','','','69','71','','32','19','70','40','17',''),('University College London','10','','','','6','4','6','8','10','10','9','13','7','13','','','6','28','8','7','','','14','5','','2','6','10','','13','','','7','5','11','4','5','','','','','','2',''),('University for the Creative Arts','48','','','','','26','35','','59','','','','','','','41','','','','','','','','','','','','','54','','77','','','','','','','','','','','','',''),('Warwick','11','3','','','','','','9','8','','10','','13','5','','14','3','16','','18','','6','','13','','23','7','','11','29','','','','10','9','5','20','','','','16','','',''),('West London','90','95','','','','','72','','80','','','52','','71','','65','','','','','21','','','','47','70','','','84','','56','63','','','','','52','','','64','','','',''),('West of Scotland','104','44','','','','','84','85','87','27','37','31','','91','','83','','2','','','26','','','','37','103','','55','56','','46','36','','','41','64','62','','26','27','61','58','',''),('Westminster','92','48','','','34','28','15','53','73','','','','','88','','19','','','65','80','','','','79','13','64','','','29','','82','','37','','','52','75','','','','81','','20',''),('Winchester','106','98','','12','','','73','','109','','','','','','','84','','37','','79','','','72','70','36','100','','','77','','53','','','','','82','100','25','','63','77','53','',''),('Wolverhampton','124','88','','','','56','68','95','106','30','','51','','97','','91','','51','','85','31','27','','87','42','96','66','','69','','74','57','34','50','','77','94','35','37','73','85','55','',''),('Worcester','109','65','','','','','57','88','88','','','','','96','','73','','62','','89','15','','59','80','','85','','','78','','','59','','','','','85','','','72','97','49','',''),('York','30','','','','','','','12','19','','4','','','20','','12','20','15','29','5','','','24','6','','22','30','','36','','14','15','','17','21','13','13','','13','9','18','','',''),('York St John','111','','','16','','','85','84','111','','','','','89','','80','','47','','92','','','70','90','','','','','90','','62','','','','','','95','28','','','80','66','','');
/*!40000 ALTER TABLE `complete_uni_compare` ENABLE KEYS */;
UNLOCK TABLES;

--
-- Table structure for table `complete_uni_overall`
--

DROP TABLE IF EXISTS `complete_uni_overall`;
/*!40101 SET @saved_cs_client     = @@character_set_client */;
/*!50503 SET character_set_client = utf8mb4 */;
CREATE TABLE `complete_uni_overall` (
  `rank2020` int DEFAULT NULL,
  `name` varchar(50) NOT NULL,
  `entryStandards` int DEFAULT NULL,
  `studentSatisfaction` int DEFAULT NULL,
  `researchQuality` int DEFAULT NULL,
  `researchIntensity` int DEFAULT NULL,
  `graduateProspects` int DEFAULT NULL,
  `studentStaffRatio` int DEFAULT NULL,
  `academicServicesSpend` int DEFAULT NULL,
  `facilitiesSpend` int DEFAULT NULL,
  `goodHonours` int DEFAULT NULL,
  `degreeCompletion` int DEFAULT NULL,
  `overallScore` int DEFAULT NULL,
  PRIMARY KEY (`name`),
  UNIQUE KEY `institution_UNIQUE` (`name`)
) ENGINE=InnoDB DEFAULT CHARSET=utf8mb4 COLLATE=utf8mb4_0900_ai_ci;
/*!40101 SET character_set_client = @saved_cs_client */;

--
-- Dumping data for table `complete_uni_overall`
--

LOCK TABLES `complete_uni_overall` WRITE;
/*!40000 ALTER TABLE `complete_uni_overall` DISABLE KEYS */;
INSERT INTO `complete_uni_overall` VALUES (29,'Aberdeen',183,4,3,1,81,16,1641,688,87,90,774),(103,'Abertay',137,4,2,0,73,20,1161,705,66,78,569),(71,'Aberystwyth',120,4,3,1,78,17,1480,414,69,82,644),(118,'Anglia Ruskin',110,4,2,0,68,18,1000,408,74,78,510),(65,'Arts University Bournemouth',154,4,2,0,80,15,1335,328,66,90,667),(34,'Aston',131,4,3,1,79,17,1412,466,84,92,763),(83,'Bangor',125,4,3,1,67,17,1141,602,71,84,619),(9,'Bath',183,4,3,1,87,16,1832,552,88,97,882),(94,'Bath Spa',116,4,3,0,66,19,1465,421,79,86,596),(122,'Bedfordshire',98,4,3,0,70,17,1665,629,64,66,492),(13,'Birmingham',163,4,3,1,85,14,2253,605,87,95,841),(91,'Birmingham City',123,4,3,0,76,18,1403,593,72,83,604),(119,'Bishop Grosseteste',110,4,2,0,73,20,1165,837,69,90,507),(128,'Bolton',115,4,2,0,56,14,1023,422,61,73,447),(70,'Bournemouth',122,4,3,0,68,17,1519,742,76,85,649),(63,'Bradford',132,4,3,0,83,17,1398,784,80,83,671),(114,'Brighton',117,4,3,0,67,18,1039,510,72,81,534),(16,'Bristol',177,4,3,1,80,14,1559,565,90,96,826),(69,'Brunel University London',126,4,3,1,71,18,1687,579,76,86,651),(115,'Buckinghamshire New',115,4,2,0,68,16,2573,190,60,79,528),(1,'Cambridge',224,4,3,1,87,11,2701,1006,93,98,1000),(117,'Canterbury Christ Church',108,4,2,0,64,15,1485,413,69,81,522),(26,'Cardiff',158,4,3,1,82,14,1584,694,83,92,786),(96,'Cardiff Metropolitan',122,4,3,0,66,19,1766,754,67,80,593),(75,'Central Lancashire',132,4,3,0,77,14,1983,489,72,80,633),(101,'Chester',113,4,2,0,70,16,1755,1007,70,80,577),(88,'Chichester',122,4,2,0,65,14,1015,691,73,88,612),(57,'City, University of London',142,4,3,1,73,18,1787,595,73,89,680),(53,'Coventry',126,4,3,0,80,15,1643,561,76,84,698),(120,'Cumbria',123,4,2,0,72,17,1248,458,67,83,502),(67,'De Montfort',110,4,3,0,83,20,1224,775,75,85,655),(97,'Derby',122,4,2,0,76,14,1432,466,66,79,584),(31,'Dundee',168,4,3,1,81,14,1826,513,79,88,772),(6,'Durham',194,4,3,1,85,15,1839,1067,92,96,915),(21,'East Anglia (UEA)',147,4,3,1,77,14,1750,1044,87,91,802),(116,'East London',107,4,3,0,65,19,1416,761,68,76,526),(58,'Edge Hill',133,4,2,0,77,14,1567,739,74,85,676),(16,'Edinburgh',189,4,3,1,77,12,1364,754,90,92,826),(86,'Edinburgh Napier',143,4,3,0,73,18,2154,342,76,82,615),(44,'Essex',111,4,3,1,74,16,1836,1442,74,85,726),(11,'Exeter',171,4,3,1,86,16,1627,1075,88,96,868),(77,'Falmouth',130,4,2,0,77,18,1025,421,78,87,628),(18,'Glasgow',196,4,3,1,85,14,1711,623,85,90,823),(77,'Glasgow Caledonian',163,4,3,0,72,20,1300,291,80,84,628),(99,'Gloucestershire',120,4,2,0,73,19,1426,527,71,81,583),(72,'Goldsmiths, University of London',130,4,3,1,58,15,1863,690,82,78,640),(83,'Greenwich',136,4,2,0,70,17,1460,830,77,82,619),(27,'Harper Adams',134,4,3,0,72,14,1860,1908,74,91,785),(35,'Heriot-Watt',162,4,3,1,79,18,1658,1418,80,87,756),(74,'Hertfordshire',116,4,3,0,80,16,1466,1086,65,84,634),(64,'Huddersfield',130,4,3,0,80,18,1657,620,75,84,668),(81,'Hull',126,4,3,1,76,16,1578,710,70,83,622),(5,'Imperial College London',205,4,3,1,90,11,2756,846,89,97,933),(52,'Keele',127,4,3,1,82,14,1407,588,74,89,699),(49,'Kent',134,4,3,1,78,18,1144,645,79,89,715),(25,'King\'s College London',171,4,3,1,85,12,1891,590,87,92,795),(93,'Kingston',123,4,3,0,64,17,2031,709,72,84,601),(7,'Lancaster',156,4,3,1,89,13,2187,1049,79,94,914),(14,'Leeds',164,4,3,1,81,13,2511,469,87,92,838),(121,'Leeds Beckett',112,4,2,0,63,19,1343,540,70,76,498),(112,'Leeds Trinity',108,4,2,0,68,20,1465,481,79,82,541),(44,'Leicester',133,4,3,1,75,14,1786,828,78,92,726),(42,'Lincoln',128,4,3,0,82,15,1263,704,75,88,735),(28,'Liverpool',145,4,3,1,85,14,1748,427,81,93,776),(62,'Liverpool Hope',118,4,2,1,84,14,866,1207,68,80,674),(66,'Liverpool John Moores',141,4,3,0,75,17,1274,420,74,85,661),(126,'London Metropolitan',99,4,2,0,69,18,1734,1048,61,66,473),(4,'London School of Economics',189,4,3,1,86,11,2107,738,90,95,934),(87,'London South Bank',115,4,3,0,88,16,1879,338,70,77,613),(8,'Loughborough',157,4,3,1,87,13,1794,1320,84,92,905),(15,'Manchester',168,4,3,1,80,13,2365,691,83,93,827),(56,'Manchester Metropolitan',133,4,3,0,71,16,1902,711,73,84,688),(89,'Middlesex',122,4,3,0,74,17,2608,388,67,79,606),(22,'Newcastle',160,4,3,1,86,14,1657,480,81,95,800),(125,'Newman',117,4,2,0,64,14,1334,343,61,77,475),(110,'Northampton',105,4,2,0,68,17,1884,989,68,81,553),(50,'Northumbria',143,4,3,0,75,16,1596,652,77,84,703),(76,'Norwich University of the Arts',135,4,3,0,60,15,2046,364,72,89,630),(19,'Nottingham',162,4,3,1,86,14,1654,841,84,94,814),(38,'Nottingham Trent',134,4,3,0,82,14,1364,882,74,88,753),(2,'Oxford',215,4,3,1,83,10,2758,582,94,98,989),(51,'Oxford Brookes',130,4,3,0,77,15,1431,771,76,90,702),(77,'Plymouth',135,4,3,0,74,16,1464,466,71,84,628),(53,'Portsmouth',115,4,3,0,85,15,1463,660,75,85,698),(68,'Queen Margaret',149,4,3,0,73,19,1344,396,79,82,652),(41,'Queen Mary, University of London',144,4,3,1,79,13,1466,794,83,90,742),(37,'Queen\'s, Belfast',150,4,3,1,82,16,1485,793,84,92,755),(40,'Reading',132,4,3,1,76,16,1761,718,82,93,746),(85,'Robert Gordon',153,4,2,0,81,20,1104,338,70,87,616),(81,'Roehampton',111,4,3,1,72,14,1832,635,69,74,622),(123,'Royal Agricultural University',118,4,1,0,63,21,1831,900,64,91,490),(23,'Royal Holloway, University of London',141,4,3,1,74,15,1769,839,83,92,798),(80,'Salford',130,4,3,0,73,15,1156,846,74,78,626),(33,'Sheffield',157,4,3,1,84,15,1719,521,82,93,767),(73,'Sheffield Hallam',119,4,3,0,74,17,1773,450,75,86,637),(44,'SOAS University of London',154,4,3,1,70,11,2068,359,82,81,726),(105,'Solent',118,4,2,0,70,16,1459,781,71,78,565),(113,'South Wales',125,4,3,0,63,16,1255,468,67,80,537),(20,'Southampton',161,4,3,1,82,14,1746,611,85,89,804),(3,'St Andrews',207,4,3,1,80,12,2211,719,90,96,944),(47,'St George\'s, University of London',159,4,3,1,94,11,2097,323,80,93,725),(97,'St Mary\'s, Twickenham',118,4,2,0,72,16,1067,751,75,81,584),(58,'Staffordshire',119,4,2,0,81,15,1882,431,72,78,676),(43,'Stirling',162,4,3,1,78,16,1029,757,76,87,732),(39,'Strathclyde',198,4,3,1,80,20,1355,454,83,88,747),(107,'Sunderland',116,4,2,0,66,16,1781,632,65,80,563),(23,'Surrey',156,4,3,1,81,16,1774,708,85,93,798),(32,'Sussex',148,4,3,1,80,16,1626,872,76,91,768),(35,'Swansea',130,4,3,1,85,15,1558,695,78,91,756),(100,'Teesside',117,4,3,0,81,18,1839,534,68,80,581),(58,'Ulster',128,4,3,1,71,17,1480,632,76,83,676),(10,'University College London',187,4,3,1,84,10,2288,296,90,94,880),(48,'University for the Creative Arts',140,4,3,0,73,13,2411,161,75,80,723),(61,'University of the Arts, London',133,4,3,0,72,15,1865,243,71,86,675),(102,'University of Wales Trinity Saint David',111,4,2,0,66,15,1194,752,73,77,576),(11,'Warwick',171,4,3,1,83,13,1694,732,84,95,868),(90,'West London',116,4,2,0,74,15,1538,1095,74,78,605),(55,'West of England, Bristol',125,4,3,0,76,15,1517,691,75,84,693),(104,'West of Scotland',136,4,2,0,80,22,1643,416,71,81,567),(92,'Westminster',126,4,3,0,70,19,1452,512,70,82,602),(106,'Winchester',112,4,2,0,64,16,1196,423,76,86,564),(124,'Wolverhampton',110,4,2,0,69,18,1654,332,66,73,483),(109,'Worcester',118,4,2,0,75,17,931,569,67,82,556),(130,'Wrexham Glyndwr',94,4,2,0,63,21,1193,495,70,75,417),(30,'York',157,4,3,1,82,15,1328,406,80,93,773),(111,'York St John',114,4,2,0,73,18,1239,623,69,88,543);
/*!40000 ALTER TABLE `complete_uni_overall` ENABLE KEYS */;
UNLOCK TABLES;

--
-- Table structure for table `guardian_compare`
--

DROP TABLE IF EXISTS `guardian_compare`;
/*!40101 SET @saved_cs_client     = @@character_set_client */;
/*!50503 SET character_set_client = utf8mb4 */;
CREATE TABLE `guardian_compare` (
  `name` varchar(50) NOT NULL,
  `2020 Rank` text,
  `Accounting & Finance Rank` text,
  `Agriculture Rank` text,
  `American Studies Rank` text,
  `Anatomy & Physiology Rank` text,
  `Architecture Rank` text,
  `Art & Design Rank` text,
  `Biosciences Rank` text,
  `Business Management Rank` text,
  `Chemical Engineering Rank` text,
  `Chemistry Rank` text,
  `Civil Engineering Rank` text,
  `Classics & Ancient History Rank` text,
  `Computer Science Rank` text,
  `Dentistry Rank` text,
  `Drama Rank` text,
  `Economics Rank` text,
  `Education Rank` text,
  `Electrical Engineering Rank` text,
  `English Rank` text,
  `Forensic Science Rank` text,
  `General Engineering Rank` text,
  `Geography & Env Studies Rank` text,
  `History Rank` text,
  `Hospitality Rank` text,
  `Law Rank` text,
  `Mathematics Rank` text,
  `Mechanical Engineering Rank` text,
  `Media Studies Rank` text,
  `Medicine Rank` text,
  `Music Rank` text,
  `Nursing Rank` text,
  `Pharmacy & Pharmacology Rank` text,
  `Philosophy Rank` text,
  `Physics Rank` text,
  `Politics Rank` text,
  `Psychology Rank` text,
  `Religious Studies Rank` text,
  `Social Policy Rank` text,
  `Social Work Rank` text,
  `Sociology Rank` text,
  `Sports Science Rank` text,
  `Town Planning Rank` text,
  `Veterinary Science Rank` text,
  PRIMARY KEY (`name`)
) ENGINE=InnoDB DEFAULT CHARSET=utf8mb4 COLLATE=utf8mb4_0900_ai_ci;
/*!40101 SET character_set_client = @saved_cs_client */;

--
-- Dumping data for table `guardian_compare`
--

LOCK TABLES `guardian_compare` WRITE;
/*!40000 ALTER TABLE `guardian_compare` DISABLE KEYS */;
INSERT INTO `guardian_compare` VALUES ('Aberdeen','34','50','','','12','','','29','41','','51','','','24','1','','30','51','','37','','14','58','62','','9','57','','','2','47','','21','','14','60','44','','','','7','','',''),('Abertay Dundee','87','68','11','','','','','43','100','','','15','','46','','','','','','','44','','','','','14','','','','','','57','','','','','42','','','','45','51','',''),('Aberystwyth','54','32','10','','','','15','64','16','','','','','62','','58','27','46','','38','','','23','46','','65','45','','22','','','','','','42','15','41','','','','','27','',''),('Anglia Ruskin','99','93','','','19','51','60','97','87','','','44','','93','','81','28','34','','99','42','','','57','36','82','','53','74','','67','40','39','27','','27','108','','27','41','30','19','9',''),('Aston','36','27','','','','','','21','42','12','20','','','31','','','17','','19','51','','','','','','42','42','36','','','','','11','','','48','79','','23','','25','','22',''),('Bangor','78','73','4','','23','','','95','114','','44','','','58','','','','67','24','75','','','56','50','','20','','','63','','23','41','','10','','','37','','19','','51','15','',''),('Bath','6','5','','','','4','','19','3','8','19','4','','14','','','25','','8','','','','','','','','19','4','','','','','18','','18','17','3','','8','6','2','11','',''),('Bath Spa','107','','','','','','19','90','79','','','','','','','63','','58','','97','','','65','73','','','','','77','','52','','','','','','102','20','','','76','','',''),('Bedfordshire','121','100','','','','','','96','119','','','','','96','','74','','43','','79','','','','','46','29','','','59','','','27','','','','','114','','30','1','68','59','',''),('Birmingham','16','11','','1','8','','','10','35','6','22','10','10','16','12','10','41','17','31','5','','','23','22','6','37','14','12','','20','6','10','10','7','4','11','56','7','16','21','14','4','21',''),('Birmingham City','81','77','','','','36','51','','83','','','','','66','','7','62','3','41','67','','','','','','86','','58','54','','29','42','','','','','61','','','28','83','','32',''),('Bolton','86','45','','','','','49','','91','','','','','97','','73','','','49','2','','','','','','89','','64','','','','12','','','','','68','','','','','35','',''),('Bournemouth','73','91','','','','','','93','46','','','','','49','','','','','47','86','41','6','63','40','13','59','','','52','','','42','','','','','80','','','10','49','55','',''),('Bradford','71','60','','','','','','88','60','4','34','28','','92','','','71','','','','16','','','','','77','','44','55','','','15','15','','','44','90','','','77','80','20','',''),('Brighton','114','101','','','','33','48','92','99','','28','47','','102','','','','20','57','103','','21','39','75','43','84','55','66','88','','62','68','31','30','','70','105','','','78','88','49','34',''),('Bristol','23','57','','','14','','','15','20','','21','8','17','10','14','53','31','','16','52','','1','11','35','','21','47','2','','19','8','','3','18','28','7','19','11','2','14','4','','','6'),('Brunel','99','97','','','','','','48','112','','','34','','50','','40','70','25','34','42','','','','56','','85','62','41','67','','','','','','','54','95','','','','54','68','',''),('Bucks New University','120','98','','','','','','','116','','','','','52','','74','','','','','','','','','45','70','','43','66','','','54','','','','','95','','','50','87','61','',''),('Cambridge','1','','','','','1','','1','','1','','','2','1','','','2','','','6','1','3','3','1','','1','2','','','4','13','','','2','','2','4','1','','','1','','1','4'),('Canterbury Christ Church','117','85','','13','','','','87','113','','','','','104','','84','','52','','93','14','','62','66','34','95','','','68','','70','52','','','','53','112','25','','67','85','72','',''),('Cardiff','38','55','','','4','7','','55','21','','50','21','23','27','5','','69','30','32','55','26','','28','59','','38','40','21','6','18','16','19','7','39','12','58','8','19','','','46','','15',''),('Cardiff Met','113','99','5','','','29','61','58','115','','','','','84','','','63','76','','88','','','','','41','','','','','','','','','','','','109','','','64','','42','',''),('Central Lancashire','72','29','','','','16','12','50','65','','2','','','98','','12','','','48','71','30','','','54','22','67','33','51','62','','55','59','15','','44','','70','','22','5','42','33','35',''),('Chester','82','40','','','','','42','59','58','15','','','','59','','32','','60','','85','20','','29','80','21','80','59','','83','','48','31','','','','72','63','15','17','46','91','35','',''),('Chichester','73','','','','','','37','','50','','','','','','','52','','36','','47','','','','39','30','','','','20','','61','','','','','','17','','','52','','46','',''),('Coventry','15','39','','','','5','36','65','15','','','35','','33','','46','34','','25','16','33','','10','64','3','52','44','3','35','','42','4','','','','23','16','','3','32','23','30','4',''),('Cumbria','116','','14','','','','','102','109','','','','','','','80','','61','','','','','66','','','8','','','48','','50','65','','','','','22','','','66','','74','',''),('De Montfort','61','66','','','','35','25','','43','','52','','','48','','33','29','49','56','50','17','','','21','8','61','6','33','25','','72','67','29','','45','46','83','','','61','','','',''),('Derby','26','8','','','','42','14','37','9','','','45','','55','','69','','21','46','30','25','','63','25','5','44','34','42','39','','41','14','','','','','53','','','19','39','41','5',''),('Dundee','29','63','','','','11','35','14','56','','','23','','23','3','','37','19','','49','6','','34','57','','4','23','27','','6','','56','','23','','9','94','','','9','','','',''),('Durham','5','13','','','','','','24','17','','6','','3','15','','','14','5','','1','3','7','3','6','','7','7','','','','5','','','5','6','20','14','5','','','9','6','',''),('East London','104','46','','','','37','30','86','108','','','40','','42','','23','','74','','53','','','','','44','87','','','56','','80','','40','','','45','59','','','11','41','65','36',''),('Edge Hill','48','78','','','','','','40','27','','','','','54','','24','','13','','26','','','60','55','','58','','','76','','78','29','','','','','50','','21','47','','40','',''),('Edinburgh','25','23','','','17','27','26','28','32','16','30','9','18','6','','','23','29','29','77','10','','31','71','','15','18','16','','11','13','1','24','14','22','35','19','10','10','8','8','13','12','1'),('Edinburgh Napier','105','89','','','','','','56','69','','','32','','82','','','','','','25','','22','','','24','24','','','10','','22','71','','','','','86','','','','63','24','31',''),('Essex','66','75','','8','','','','47','81','','','','','85','','1','12','','','94','','','','70','','80','36','','','','','24','','38','','34','52','','','56','58','10','',''),('Exeter','10','14','','','','','','16','7','','','41','6','25','','18','32','','26','11','12','15','16','33','','23','17','26','4','14','','','','11','20','12','12','4','','','10','7','',''),('Falmouth','52','','','','','22','41','','39','','','','','','','51','','','','102','','','','','','','','','47','','53','','','','','','','','','','','','',''),('Glasgow','14','6','','','6','','','22','19','','25','6','9','20','6','12','22','24','16','13','11','','8','37','','6','22','10','','7','4','3','25','43','40','16','23','3','18','','31','1','','2'),('Glasgow Caledonian','80','64','','','3','','','80','71','','','38','','77','','','','','37','','','19','','','14','38','','65','','','','59','38','','','','31','','','2','48','','41',''),('Gloucestershire','67','87','','','','','54','26','58','','','','','90','','67','','59','','83','','','19','92','','63','','','64','','63','','','','','','55','22','','57','56','22','10',''),('Glyndwr','112','95','','','','','23','','117','','','','','87','','','','73','','','','','','','','','','','60','','','','','','','','116','','','54','','71','',''),('Greenwich','90','22','','','','23','','74','96','','27','14','','81','','27','54','62','50','44','19','10','','82','15','30','16','13','78','','30','63','','','','13','65','','','61','26','75','40',''),('Heriot-Watt','61','47','','','','','','94','24','22','7','10','','65','','','24','','36','','','','','','','','25','8','','','','','','','41','','84','','','','','','17',''),('Hertfordshire','92','49','','','','','65','35','82','','','','','99','','','4','27','10','76','','','59','18','7','98','51','55','','','68','58','23','25','35','','53','','','43','','47','',''),('Huddersfield','43','88','','','','18','27','69','52','','35','','','36','','39','','6','39','27','','','','17','12','76','','18','69','','37','11','22','','','35','29','','','31','6','','',''),('Hull','95','89','','6','','','','72','56','24','54','','','80','','60','47','65','45','98','','13','49','31','','88','68','47','71','','38','45','','44','37','57','107','','','38','64','47','',''),('Imperial College','7','','','','','','','8','','2','42','1','','4','','','','','5','','','4','','','','','8','1','','9','','','','','38','','','','','','','','',''),('Keele','32','70','','10','11','','','25','95','','36','','','64','','','15','23','','57','32','','40','29','','64','52','','69','3','32','6','9','21','21','4','43','','','68','12','','',''),('Kent','65','69','','14','','41','45','61','74','','48','','24','73','','26','45','','40','16','24','','','24','','16','32','','24','','54','','','35','43','33','49','21','4','39','49','62','',''),('King\'s College London','63','','','','9','','','34','31','','26','','21','38','8','','10','','54','22','','','50','42','','12','61','','16','32','36','61','36','32','39','10','11','23','','','29','','',''),('Kingston','48','84','','','','39','9','43','','','29','50','','34','','56','60','31','','58','','','46','','','','43','62','15','','74','','26','','','71','68','','','','60','2','43',''),('Lancaster','7','16','','','','','6','4','8','13','5','','','26','','6','20','','','10','','','7','5','','53','12','14','12','22','','','','29','2','30','6','6','','4','3','','',''),('Leeds','11','1','1','','14','','31','20','6','9','10','2','14','11','7','61','5','75','4','48','','8','20','10','','13','20','6','9','17','26','32','11','11','5','21','43','12','14','28','34','12','',''),('Leeds Beckett','118','94','','','','49','64','83','102','','','46','','89','','82','55','57','','90','','','','79','19','101','','','75','','43','22','','','','75','111','','','42','73','73','37',''),('Leeds Trinity','94','','','','','','','','71','','','','','','','','','45','','78','','','','89','','','','','51','','','','','34','','','88','26','','71','','66','',''),('Leicester','84','65','','12','','','','41','76','','13','','','78','','','66','','','84','13','16','55','77','','53','56','','44','27','','','','','23','69','29','','','','56','','',''),('Lincoln','17','43','','','','13','17','11','47','','2','','','39','','22','','','','35','28','','','7','1','47','','15','31','','28','23','8','','','32','18','','','27','18','23','',''),('Liverpool','50','33','','','1','12','','30','37','','14','25','11','40','15','','36','','44','46','4','','41','45','','48','64','47','37','30','39','2','1','36','10','39','39','','','','28','','27','3'),('Liverpool Hope','43','76','','','','','59','','51','','','','','8','','76','','16','','100','','','13','33','37','97','','','32','','59','','','','','65','66','9','13','25','39','14','',''),('Liverpool John Moores','63','11','','','','28','10','75','63','','55','48','','57','','17','','54','42','73','35','20','52','9','29','78','5','25','18','','','36','28','','','','99','','','38','77','26','16',''),('London Met','111','79','','','','32','7','77','104','','37','','','63','','','15','70','','74','','','','','39','93','39','','72','','','','37','','','74','104','','31','73','65','29','',''),('London School of Economics','19','48','','','','','','','32','','','','','','','','26','','','','','','26','40','','10','40','','','','','','','16','','8','','','4','','21','','',''),('London South Bank','68','7','','','','38','','100','101','19','','29','','','','27','61','55','21','33','39','','','','26','11','','36','34','','69','46','','','','','70','','','3','67','58','18',''),('Loughborough','4','2','','','','','38','13','4','7','12','12','','9','','14','21','','3','20','','11','18','16','','','12','5','7','','','','','','15','6','13','','5','','11','3','25',''),('Manchester','40','41','','11','10','','','12','28','20','14','24','19','13','13','20','49','','12','34','5','','9','15','','46','29','40','','29','9','8','14','19','24','30','36','18','','','13','','24',''),('Manchester Met','79','83','','','','','22','53','85','','43','','','75','','37','56','39','55','80','','','48','61','10','75','38','59','38','','','17','','31','','76','103','','','53','70','5','',''),('Middlesex','109','81','','','','','43','99','110','','','','','100','','55','13','72','','104','','','','','39','91','','','65','','64','25','','','','62','77','','','58','81','32','',''),('Newcastle','35','26','8','','','30','3','42','60','5','47','31','15','43','10','','58','','11','21','8','','25','38','','45','58','30','7','13','19','','4','24','25','18','15','','','','20','','29',''),('Newman','110','','','','','','','','','','','','','','','36','','71','','35','','','','13','','','','','','','','','','','','','113','14','','76','','43','',''),('Northampton','93','58','','','','45','62','78','89','','','','','83','','57','','54','','86','','17','57','64','23','79','','','42','','39','19','','','','','101','','29','70','33','76','',''),('Northumbria','47','37','','','','9','56','57','84','','41','17','','70','','38','','9','22','15','','','30','32','','35','53','54','49','','','9','','','31','37','59','','','37','43','64','20',''),('Nottingham','18','35','2','9','','14','','37','40','3','17','16','16','7','','','11','','1','24','18','','36','12','','18','35','7','','23','17','25','5','20','8','41','27','12','25','22','32','8','11','5'),('Nottingham Trent','12','4','3','','','31','28','17','11','','16','20','','46','','15','7','47','','53','27','','14','60','','34','37','','45','','','','','9','11','42','9','','','34','36','17','8',''),('Oxford','3','','','','','','2','2','1','','1','','4','3','','','3','','','3','','2','2','3','','2','1','','','1','18','','','1','3','3','1','8','','','','','',''),('Oxford Brookes','33','20','','','18','8','5','63','25','','','','','67','','','67','14','','32','','','54','47','4','69','','26','30','','66','15','','8','','55','35','','','72','26','21','14',''),('Plymouth','60','72','','','20','26','44','45','54','','40','39','','88','2','50','51','22','14','43','','','38','67','28','41','4','46','','8','71','50','','','','56','78','','','15','5','','42',''),('Portsmouth','21','28','','5','7','16','','3','44','18','','37','','29','','78','37','64','18','70','','','15','44','20','72','9','23','50','','','5','17','','27','19','24','','','12','15','9','26',''),('Queen Margaret','84','','','','','','','83','64','','','','','','','29','','','','','','','','','32','','','','86','','','21','19','','','','87','','','','35','','',''),('Reading','68','33','9','','','44','56','85','23','','39','','22','101','','68','65','12','','31','21','','32','63','','74','47','','','','','','13','39','','67','75','','','','','','23',''),('Robert Gordon','76','67','','','','34','12','91','49','','','','','56','','','','','43','','37','','','','33','55','','56','80','','','62','20','','','','','','','18','79','70','30',''),('Roehampton','103','73','','','','','','60','107','','','','5','','','54','','42','','82','','','','30','','','','','81','','','','','42','','','48','24','','','86','53','',''),('Salford','91','82','','','5','43','47','82','104','','','51','','79','','65','64','','20','40','','','53','81','30','100','','45','61','','20','28','','','33','72','97','','15','13','71','43','38',''),('Sheffield','45','19','','','','3','','46','37','14','24','13','','22','9','','47','26','38','28','9','','51','28','','40','63','31','','24','49','64','','15','36','37','31','','','','17','','6',''),('Sheffield Hallam','55','62','12','','','40','66','62','62','','31','','','41','','69','','33','35','63','','','61','69','11','73','65','61','36','','','39','','','','29','89','','','43','44','25','13',''),('SOAS','56','','','','','','','','14','','','','','','','','43','','','27','','','','36','','68','','','','','','','','','','47','','','','','','','',''),('Solent','73','96','','','','20','40','','73','','','','','72','','87','','','27','9','','','','','','5','','17','28','','65','','','','','','110','','','65','','56','',''),('South Wales','98','22','','','','','55','79','94','','53','18','','45','','86','','37','59','89','36','','6','84','38','43','21','63','82','','73','44','','','','','91','','','75','90','66','19',''),('Southampton','24','36','','','','','33','27','10','','23','5','','17','','','46','8','6','39','15','','16','48','','27','11','11','3','28','1','34','','4','13','51','40','','','','55','','',''),('St Andrews','2','','','','2','','','6','2','','11','','1','2','','','1','','','3','','','1','4','','','3','','2','21','','','','3','1','1','2','2','','','','','',''),('Staffordshire','37','56','','','','','46','35','66','','','','','37','','25','','32','','91','31','','','','','70','','52','14','','44','48','','','','','33','','1','51','37','16','',''),('Stirling','45','44','','','','','','54','30','','','','','28','','','8','7','','40','','','42','68','','26','28','','13','','','52','','33','','61','72','','11','17','16','45','',''),('Strathclyde','51','15','','','','14','','71','13','26','46','42','','30','','','19','48','13','62','','','','49','','66','66','39','','','','','32','','32','14','28','','12','45','','','',''),('Suffolk','119','','','','','','','101','75','','','','','105','','','','','','60','','','','2','','','','','','','','70','','','','','76','','','58','88','31','',''),('Sunderland','89','53','','','','','32','30','103','','','','','60','','62','','2','','92','','','','85','9','31','','38','29','','','','30','','','','98','','','74','72','50','',''),('Surrey','26','50','','','','','','8','45','21','9','22','','50','','3','44','','2','23','','','','','16','91','31','34','','','2','38','','','15','43','10','','','','19','','',''),('Sussex','41','17','','3','13','','','51','48','','8','','','74','','16','50','','58','14','','','21','11','','51','24','32','58','','60','','','17','19','49','26','','','7','59','','',''),('Swansea','31','25','','2','','','','52','53','23','','36','12','18','','','39','35','28','63','','9','26','14','','49','54','34','5','4','','7','','','7','22','62','','9','19','','18','',''),('Teesside','70','38','','','','','16','39','69','10','','49','','44','','59','','69','52','54','21','','','43','','57','','22','','','44','47','','','','','82','','','63','51','54','',''),('Trinity Saint David','57','','','','','','8','','98','','','','20','52','','34','','43','','','29','','','53','25','','','29','','','','','','','','','81','','26','69','','28','',''),('UEA','30','9','','4','','','','32','12','','31','','','75','','47','9','4','','69','','','44','27','','25','49','','27','12','','36','27','22','','24','34','','','34','','34','',''),('Ulster','59','29','','','21','47','23','7','78','','','33','','70','','30','59','','9','68','','12','12','82','2','35','','19','87','','11','18','2','','','63','38','','23','26','46','63','28',''),('University College London','22','17','','','','2','1','23','36','25','33','26','8','34','','','35','28','7','7','2','18','33','8','','3','27','23','','16','','','34','26','28','27','5','','7','','','','3',''),('University for the Creative Arts','13','','','','','20','18','','','','','','','','','83','','','','','','','','','','','','','41','','','','','','','','','','','','','','',''),('Warwick','9','3','','','','','','5','5','','18','','13','5','','19','17','','','18','','5','5','19','','49','15','','1','33','','','','13','8','5','21','','','','22','','',''),('West London','57','80','','','','','','','88','','','7','','12','','','','','','','23','','','','27','21','','','73','','27','55','','','','','47','','','49','','','',''),('West of Scotland','106','41','','','','','','89','111','11','45','3','','68','','63','','1','','','42','','','','42','94','','60','40','','79','66','','','','77','64','','','36','38','69','',''),('Westminster','102','31','','','','24','29','81','97','','','','','94','','','','','51','66','','','','76','17','83','','','46','','77','','','','','26','106','','','','61','','39',''),('Winchester','96','86','','7','','','','','93','','','','','','','79','','9','','81','38','','','74','17','90','','','85','','58','','','','','52','115','27','','24','82','52','',''),('Wolverhampton','115','71','','','','50','39','98','106','','','30','','86','','71','','38','','45','','','','72','','99','10','49','56','','76','69','33','','','66','58','16','28','60','77','36','32',''),('Worcester','88','58','','','','','52','66','80','','','','','69','','42','','40','','96','34','','47','88','','19','','','79','','','30','','','','','91','','','55','74','57','',''),('York','20','','','','','','','18','22','','4','','','21','','35','40','41','15','8','7','','36','22','','17','26','','11','','12','51','','28','26','24','7','','20','29','61','','',''),('York St John','107','','','','','','50','','90','','','','','','','66','','68','','72','','','','90','','','','','26','','75','','','','','','74','28','','','','60','','');
/*!40000 ALTER TABLE `guardian_compare` ENABLE KEYS */;
UNLOCK TABLES;

--
-- Table structure for table `guardian_overall`
--

DROP TABLE IF EXISTS `guardian_overall`;
/*!40101 SET @saved_cs_client     = @@character_set_client */;
/*!50503 SET character_set_client = utf8mb4 */;
CREATE TABLE `guardian_overall` (
  `name` varchar(50) NOT NULL,
  `rank2017` int DEFAULT NULL,
  `rank2018` int DEFAULT NULL,
  `rank2019` int DEFAULT NULL,
  `rank2020` int DEFAULT NULL,
  `averageTeachingScore` double DEFAULT NULL,
  `continuation` int DEFAULT NULL,
  `expenditurePerStudent(fte)` int DEFAULT NULL,
  `studentStaffRatio` double DEFAULT NULL,
  `careerProspects` int DEFAULT NULL,
  `valueAddedScore/10` int DEFAULT NULL,
  `averageEntryTariff` int DEFAULT NULL,
  `satisfiedWithTeaching%` text,
  `satisfiedWithCourse%` text,
  `satisfiedWithAssessment%` text,
  PRIMARY KEY (`name`)
) ENGINE=InnoDB DEFAULT CHARSET=utf8mb4 COLLATE=utf8mb4_0900_ai_ci;
/*!40101 SET character_set_client = @saved_cs_client */;

--
-- Dumping data for table `guardian_overall`
--

LOCK TABLES `guardian_overall` WRITE;
/*!40000 ALTER TABLE `guardian_overall` DISABLE KEYS */;
INSERT INTO `guardian_overall` VALUES ('Aberdeen',36,46,51,34,62.5,92,4,16.1,81,7,184,'87.3','86.1','71'),('Abertay Dundee',85,66,68,87,46.8,87,2,19.6,74,6,142,'82.3','78.2','75.4'),('Aberystwyth',108,81,45,54,55,91,4,16.9,78,4,119,'90.9','89.8','83.3'),('Anglia Ruskin',66,72,103,99,41.9,85,6,18.5,67,6,110,'86.2','82.8','77'),('Aston',29,51,43,36,62.3,96,6,17.4,78,8,133,'85.5','84','71.3'),('Bangor',55,63,47,78,49.4,93,3,17,68,4,131,'89.5','88.4','77.1'),('Bath',10,5,6,6,80,97,6,15.6,87,7,182,'87.2','85.9','69.2'),('Bath Spa',66,97,103,107,37.5,91,5,18.7,67,6,118,'83.7','80.1','72'),('Bedfordshire',113,98,113,121,27.9,81,6,17,70,4,101,'84.2','81.7','73.3'),('Birmingham',13,15,19,16,69.8,96,7,13.9,85,7,165,'88.4','86.1','69.3'),('Birmingham City',105,101,96,81,48.3,88,6,17.9,78,5,123,'85.8','84.8','77.1'),('Bolton',93,86,86,86,46.9,85,6,14.2,58,3,114,'87.3','82.4','78.7'),('Bournemouth',79,61,65,73,51.3,91,5,17,68,7,122,'83.7','80.5','69.6'),('Bradford',52,75,72,71,51.7,90,4,17.2,83,7,133,'79.2','77.8','66.5'),('Brighton',91,91,107,114,34,89,3,18.5,67,6,117,'82.1','76.6','70.1'),('Bristol',38,27,20,23,65.9,97,7,13.5,80,6,177,'86.1','82.2','66.2'),('Brunel',77,72,62,99,41.9,93,5,18,71,5,125,'78.5','79.3','63.7'),('Bucks New University',116,120,121,120,28.2,86,7,15.8,69,4,116,'78.9','71.6','70.3'),('Cambridge',1,1,1,1,100,99,10,11.2,86,6,224,'','',''),('Canterbury Christ Church',109,109,108,117,32.5,86,4,14.8,64,4,110,'84.6','80.5','72.7'),('Cardiff',33,42,58,38,61.4,95,8,14.1,81,6,159,'85.4','83.7','71.4'),('Cardiff Met',91,87,99,113,34.1,87,5,18.8,66,5,109,'81.5','82.3','70.3'),('Central Lancashire',87,67,76,72,51.5,89,5,14.2,77,5,133,'82.1','79.9','73.8'),('Chester',65,77,94,82,48.2,89,4,15.5,70,5,114,'86.6','85.6','76.2'),('Chichester',75,72,53,73,51.3,91,3,14.4,64,5,123,'87.4','82','68.7'),('City',18,32,95,97,42.8,89,7,17.8,74,4,142,'82.5','81.7','69.6'),('Coventry',15,12,13,15,70.6,92,6,14.6,81,7,125,'88.6','86.6','74.2'),('Cumbria',117,118,118,116,33.1,89,4,16.8,74,4,126,'79.8','74.2','69.6'),('De Montfort',61,94,71,61,53.3,90,3,19.9,84,6,111,'85.1','86','76.3'),('Derby',48,54,29,26,64.4,90,6,14.5,76,4,123,'89.8','87.7','79.1'),('Dundee',28,24,29,29,63.6,92,6,13.9,82,6,172,'89.5','87.7','73'),('Durham',6,4,5,5,81.6,97,5,15,85,7,195,'85.3','84.6','72'),('East London',115,107,88,104,39.6,89,3,18.9,65,5,111,'85.9','84.9','75'),('Edge Hill',64,56,55,48,57.4,91,3,14.1,77,5,134,'84.8','84.3','76.4'),('Edinburgh',22,30,28,25,64.8,96,9,11.9,77,7,190,'84.6','77.1','60.6'),('Edinburgh Napier',70,83,105,105,39.3,89,4,17.9,74,7,148,'79','74.4','66.4'),('Essex',62,48,31,66,52.6,90,6,15.9,74,6,111,'85.5','86.9','72.7'),('Exeter',11,13,14,10,73.2,97,4,15.9,85,6,172,'88.9','87.1','74.1'),('Falmouth',21,32,62,52,55.7,91,6,18.3,76,5,131,'84.6','80.3','75.5'),('Glasgow',26,23,24,14,70.9,93,6,13.7,85,6,200,'89.8','87','68.9'),('Glasgow Caledonian',99,89,96,80,49.1,90,3,20.2,74,7,167,'83.8','81.7','71.5'),('Gloucestershire',72,64,55,67,52.5,91,5,18.7,73,6,123,'85.5','85.6','76'),('Glyndwr',119,121,96,112,34.2,86,2,21.2,64,5,114,'82.8','74.6','74.3'),('Goldsmiths',46,64,77,99,41.9,88,5,15.1,58,6,131,'84','77.2','68.1'),('Greenwich',98,95,100,90,46.1,88,4,17.4,69,7,136,'81.4','79.7','72.9'),('Heriot-Watt',27,26,66,61,53.3,91,8,17.8,79,6,163,'82.3','81.9','65.5'),('Hertfordshire',94,102,90,92,45.5,90,4,16,80,4,115,'85.3','83.8','71.8'),('Huddersfield',77,60,41,43,58.8,90,4,17.5,80,6,131,'83.3','84.7','76.4'),('Hull',71,84,106,95,43.2,90,5,16.2,76,5,126,'85','83.5','71.2'),('Imperial College',7,6,7,7,79.3,96,9,11.4,91,6,206,'83.5','81.9','63.9'),('Keele',34,36,36,32,62.8,94,5,14,82,5,127,'88.9','88.9','75.8'),('Kent',23,22,35,65,52.7,94,5,18,79,5,135,'84.9','85.4','69'),('King\'s College London',42,39,58,63,53.1,94,7,12.4,83,6,169,'83.9','78.9','62.9'),('Kingston',88,81,58,48,57.4,91,7,16.6,63,6,124,'81.4','80.8','73.2'),('Lancaster',8,9,9,7,79.3,94,8,12.6,89,5,157,'86.9','88.6','74.4'),('Leeds',16,14,10,11,71.8,95,7,13.4,81,7,166,'89.6','88','72.8'),('Leeds Beckett',114,114,120,118,31.7,85,4,19.3,63,5,112,'84.7','84.7','72.8'),('Leeds Trinity',88,111,85,94,44.4,88,4,19.9,68,7,109,'87.3','86.2','77.9'),('Leicester',47,43,62,84,47.4,93,6,14,76,5,133,'82.6','81.8','68.8'),('Lincoln',56,47,22,17,69.2,93,4,14.7,81,5,128,'87.6','88.6','74.8'),('Liverpool',59,67,57,50,56.9,96,6,14.3,85,6,147,'84.9','84.5','73.2'),('Liverpool Hope',79,56,33,43,58.8,88,3,14.5,84,3,117,'87.5','87.7','81.5'),('Liverpool John Moores',84,80,49,63,53.1,90,4,16.9,75,5,143,'82.8','83.4','74.1'),('London Met',118,117,117,111,35.1,80,4,17.8,71,4,101,'82.9','78.2','73.4'),('London School of Economics',12,15,15,19,66.6,97,9,11.1,83,6,190,'74.9','69.1','57'),('London South Bank',107,92,78,68,52.2,87,5,15.6,88,6,112,'82.2','80.1','69.8'),('Loughborough',4,6,4,4,83.4,96,6,13.4,85,6,162,'87.7','88','74.9'),('Manchester',31,28,34,40,61,95,8,13.3,79,5,167,'82.7','83.1','68.2'),('Manchester Met',60,76,73,79,49.3,90,5,15.5,70,4,133,'83.7','81.9','74'),('Middlesex',74,70,112,109,36.8,85,6,16.7,73,4,123,'76.8','77','67.7'),('Newcastle',37,30,27,35,62.4,96,6,14.2,85,5,159,'86.4','86.6','70.4'),('Newman',110,110,101,110,36.3,87,5,14.5,65,3,118,'86.8','83.8','71.1'),('Northampton',73,105,111,93,44.7,87,8,16.8,67,6,103,'84.5','81.9','76.1'),('Northumbria',50,48,47,47,57.6,91,4,16.3,76,7,145,'83.7','84.7','72.3'),('Nottingham',25,19,17,18,67.8,96,6,14.5,85,6,161,'86.8','84.2','69.8'),('Nottingham Trent',53,34,16,12,71.2,90,5,14.5,81,5,136,'87','87.9','80'),('Oxford',2,2,2,3,97.6,99,10,10.4,81,7,215,'','',''),('Oxford Brookes',57,50,41,33,62.7,94,6,15.1,76,6,131,'86.6','85.8','72'),('Plymouth',76,78,66,60,53.6,93,5,16.2,72,5,131,'88','85.5','76.2'),('Portsmouth',43,37,25,21,66.1,91,6,15.4,85,6,115,'86.6','87.6','74.4'),('Queen Margaret',101,100,84,84,47.4,88,2,18.6,73,6,151,'85','82.8','69.4'),('Queen Mary',34,44,83,83,47.9,93,6,13.1,78,6,144,'81.4','80.2','63.5'),('Queen\'s, Belfast',48,38,52,53,55.1,95,5,15.9,82,6,152,'86.7','83','69.3'),('Reading',32,29,45,68,52.2,95,6,15.8,76,6,132,'84.7','83.1','68.1'),('Robert Gordon',44,62,79,76,50.6,92,3,20.4,82,5,157,'84.2','85.2','72.1'),('Roehampton',90,93,109,103,40.4,88,7,14.2,74,4,111,'81.6','80.3','70.8'),('Royal Holloway',45,40,38,42,59,95,6,14.7,73,5,140,'87.1','85.7','71.1'),('Salford',83,99,88,91,45.6,87,3,16.2,73,5,130,'85.6','84.1','76.4'),('Sheffield',41,40,39,45,58.5,96,5,15.2,84,5,157,'85.8','85.7','69.3'),('Sheffield Hallam',86,85,70,55,54.7,91,5,17.2,73,6,119,'87.1','86.5','74.4'),('SOAS',30,25,58,56,54.3,87,7,11.3,71,5,156,'81.8','77.6','66.8'),('Solent',100,103,80,73,51.3,88,4,15.6,70,5,119,'84.9','83.8','74.4'),('South Wales',111,116,110,98,42.5,89,4,14.9,62,4,125,'85','82','76.8'),('Southampton',16,35,23,24,64.9,94,5,13.5,82,7,160,'85.8','83.4','72.1'),('St Andrews',3,3,3,2,97.9,98,6,11.7,80,7,208,'93.2','93.4','79.6'),('St Mary\'s, Twickenham',106,105,80,77,49.8,88,3,16,72,6,119,'89','87.6','74.8'),('Staffordshire',69,67,44,37,61.8,86,7,15.4,81,5,120,'88.1','85.7','80.8'),('Stirling',58,54,40,45,58.5,91,4,16.4,79,5,163,'88.5','85.1','72'),('Strathclyde',51,52,53,51,56.4,92,5,19.5,79,6,200,'85.8','84.1','64'),('Suffolk',97,115,102,119,31.4,83,6,18.8,65,5,117,'81.3','78.6','73.1'),('Sunderland',79,71,74,89,46.5,87,6,15.8,67,4,114,'86.4','83.9','74.6'),('Surrey',4,10,21,26,64.4,94,5,16.1,80,6,156,'84.9','83.9','69'),('Sussex',20,20,26,41,60.3,95,7,15.8,81,4,148,'83.9','82.5','67.4'),('Swansea',39,45,31,31,62.9,94,6,15.4,86,6,132,'86.5','89.1','73.4'),('Teesside',102,79,68,70,51.9,89,6,18,81,6,118,'86.2','83.5','75.2'),('UCL',14,10,11,22,66,96,7,10.5,83,7,187,'81.7','79.4','62.7'),('UEA',24,18,18,30,63.1,94,4,13.6,78,7,147,'86.6','86.5','70.3'),('Ulster',79,96,93,59,53.9,92,4,17.4,72,6,128,'85.4','86.2','75.1'),('University of the Arts London',53,59,75,39,61.2,89,10,14.8,72,7,137,'77.2','72.3','74.3'),('UWE Bristol',68,52,37,28,63.9,91,5,15.3,76,7,126,'89.2','89.5','77.3'),('Warwick',9,8,8,9,73.9,95,8,13,81,6,180,'86','85.5','70.3'),('West London',96,58,50,57,54.1,86,6,14.8,74,6,123,'82.6','79.8','72'),('West of Scotland',103,104,114,106,38.1,87,4,22.4,81,5,139,'87.1','85.1','76.1'),('Westminster',112,108,80,102,41.2,91,5,19.3,70,5,127,'77.7','75','65.1'),('Winchester',63,90,92,96,42.9,91,3,16.4,63,6,112,'88.5','84.2','71.5'),('Worcester',95,88,91,88,46.6,90,4,17.2,75,5,120,'89.2','86.7','76.6'),('York',19,17,12,20,66.5,95,6,14.6,82,5,158,'88.1','84.7','75.4'),('York St John',104,119,119,107,37.5,90,3,18,74,4,114,'85.9','85.1','74.6');
/*!40000 ALTER TABLE `guardian_overall` ENABLE KEYS */;
UNLOCK TABLES;

--
-- Table structure for table `times_overall`
--

DROP TABLE IF EXISTS `times_overall`;
/*!40101 SET @saved_cs_client     = @@character_set_client */;
/*!50503 SET character_set_client = utf8mb4 */;
CREATE TABLE `times_overall` (
  `rank2019` int DEFAULT NULL,
  `rank2020` int DEFAULT NULL,
  `name` varchar(50) NOT NULL,
  `teachingQuality(%)` text,
  `studentExperience(%)` text,
  `researchQuality(%)` double DEFAULT NULL,
  `entryStandards(ucaspts)` int DEFAULT NULL,
  `graduateProspects(%)` double DEFAULT NULL,
  `firsts/2:1s(%)` double DEFAULT NULL,
  `completionRate(%)` double DEFAULT NULL,
  `studentStaffRatio` double DEFAULT NULL,
  `servicesFacilitiesSpend` int DEFAULT NULL,
  `total` int DEFAULT NULL,
  PRIMARY KEY (`name`)
) ENGINE=InnoDB DEFAULT CHARSET=utf8mb4 COLLATE=utf8mb4_0900_ai_ci;
/*!40101 SET character_set_client = @saved_cs_client */;

--
-- Dumping data for table `times_overall`
--

LOCK TABLES `times_overall` WRITE;
/*!40000 ALTER TABLE `times_overall` DISABLE KEYS */;
INSERT INTO `times_overall` VALUES (105,98,'Abertay University','84.5','81.3',5.1,142,73.4,65.8,77.4,19.6,1919,459),(48,45,'Aberystwyth University','88.3','86.1',28.1,120,78.2,69,81.6,16.9,1768,596),(122,120,'Anglia Ruskin University','82.4','79',5.4,113,68.3,74,78.2,18.5,1464,388),(51,43,'Arts University Bournemouth','84.9','82.9',2.4,154,80.5,66.1,90,15.1,1730,613),(56,48,'Aston University','78.3','77.3',25.8,133,79.1,84.4,92,17.4,1983,578),(63,70,'Bangor University','83.8','81.8',27.2,131,67.8,71.4,84.1,17,1714,518),(103,110,'Bath Spa University','76.5','72.2',7.9,118,66.9,78.8,86.2,18.7,2100,438),(87,96,'Birmingham City University','81','77.3',4.3,123,76.8,71.6,82.6,17.9,2123,460),(113,102,'Bishop Grosseteste University','81.2','75.8',2.1,112,72.9,69,90.2,20.2,2212,453),(78,94,'Bournemouth University','77.3','75.4',9,122,68.7,76.4,85.3,17,2325,465),(76,100,'Brunel University London','73.1','73.4',25.4,125,70.9,75.7,86.5,18,2418,458),(117,113,'Bucks New University','81.9','79.7',1.5,117,68.8,60.4,79.3,15.8,2647,427),(118,118,'Canterbury Christ Church University','81','75.7',4.5,110,64.7,68.8,80.6,14.8,1847,401),(108,112,'Cardiff Metropolitan University','80.7','80',3.9,123,65.9,67.4,79.6,18.8,2565,434),(32,34,'Cardiff University','78.2','77.5',35,159,81.7,83.3,91.8,14.1,2379,645),(68,73,'City, University of London','76.2','77.1',22.6,145,73.4,73.1,88.5,17.8,2495,511),(46,50,'Coventry University','82.3','81.5',3.8,126,80.9,76.1,83.9,14.6,2411,572),(65,74,'De Montfort University','79.9','80',8.9,111,83.8,75.1,85,19.9,2246,508),(7,7,'Durham University','78.8','75',39,195,84.9,92.1,96.4,15,3052,808),(59,55,'Edge Hill University','82.1','79.1',4.9,134,77.2,74,85.1,14.1,2230,554),(120,101,'Edinburgh Napier University','76.2','75.9',4.6,148,73.8,75.7,82.2,17.9,2136,455),(84,72,'Falmouth University','81.1','76.5',4.6,131,77,78,86.8,18.3,1488,514),(101,96,'Glasgow Caledonian University','78.7','76.5',7,167,73.7,79.9,83.7,20.2,1651,460),(71,68,'Goldsmiths, University of London','76.5','72',33.4,131,58.3,81.9,78.5,15.1,2902,520),(33,17,'Harper Adams University','83.4','82.4',5.7,134,72.9,74.4,91.3,13.7,3793,715),(35,33,'Heriot-Watt University','77.9','77.9',36.7,163,79.3,79.7,86.8,17.8,3217,648),(4,4,'Imperial College London','75.1','77.9',56.2,206,90.4,89.2,96.5,11.4,3767,845),(48,46,'Keele University','82.5','82.5',22.1,127,82.1,74.2,88.7,14,2087,586),(35,30,'King\'s College London','74.3','',44,169,84.5,86.7,91.8,12.4,2670,654),(110,106,'Kingston University','79.3','78.3',5.1,124,64.5,72.5,84.1,16.6,2559,444),(6,8,'Lancaster University','79.5','79.3',39.1,157,89.1,78.7,93.6,12.6,3427,801),(124,123,'Leeds Beckett University','80.4','79.3',4.1,112,63.2,70.3,76.4,19.3,1954,377),(87,117,'Leeds Trinity University','77.1','74.8',2,109,68.1,79.3,82.4,19.9,1940,403),(50,60,'Liverpool Hope University','82.5','79.3',9.2,117,83.8,68,79.9,14.5,2103,545),(74,78,'Liverpool John Moores University','80.5','79.1',8.9,142,74.9,73.8,84.7,16.9,1802,498),(131,126,'London Metropolitan University','77.9','75.7',3.5,101,70.7,60.8,65.7,17.8,3129,355),(9,6,'London School of Economics and Political Science','72.3','68.5',52.8,189,86.2,90.5,95.4,11.1,2968,828),(107,86,'London South Bank University','80.4','77.9',9,114,87.7,69.5,77.5,15.6,2156,480),(5,5,'Loughborough University','83.4','85.8',36.3,162,86.9,83.8,92.1,13.4,3286,834),(69,62,'Manchester Metropolitan University','80.7','78.9',7.5,133,70.7,73.2,83.5,15.5,2719,535),(110,107,'Middlesex University','75.5','74',9.7,123,73.5,67.2,78.9,16.7,3030,443),(21,28,'Newcastle University','77.9','78.7',37.7,159,85.8,81.3,95.1,14.2,2304,677),(119,115,'Newman University','82.5','81.2',2.8,118,64.7,60.9,76.6,14.5,1696,408),(61,65,'Northumbria University','79.7','78.3',9,145,75.4,77.3,84,16.3,2224,524),(66,62,'Norwich University of the Arts','81.6','77.7',5.6,137,60.6,71.8,88.6,15,2638,535),(37,40,'Nottingham Trent University','83','81.7',6.5,135,81.7,74.4,87.6,14.5,2434,625),(63,64,'Oxford Brookes University','77.3','77',11.4,131,77.4,75.7,89.6,15.1,2248,531),(109,102,'Plymouth Marjon University','86.7','82.7',0,125,63.7,77.1,78.4,22.2,1996,453),(72,76,'Plymouth University','82.4','79.9',15.9,132,73.6,70.9,83.6,16.2,2020,504),(97,82,'Queen Margaret University, Edinburgh','80.7','76.5',6.6,151,72.9,79,81.9,18.6,1775,488),(46,49,'Queen Mary, University of London','73.5','74.3',37.9,144,78.7,83.2,89.9,13.1,2352,574),(38,35,'Queen\'s University, Belfast','77.5','77.4',39.7,152,82.4,84,91.8,15.9,2416,636),(96,83,'Robert Gordon University','83','80.4',4,157,81.1,69.9,86.8,20.4,1449,487),(115,89,'Royal Agricultural University','81.8','82.3',1.1,118,63.5,63.5,91.2,20.9,2803,475),(24,19,'Royal Holloway, University of London','81.3','80.6',36.3,140,73.5,82.6,92.1,14.7,2802,704),(67,65,'Sheffield Hallam University','83.7','81.1',5.4,119,73.8,74.7,85.7,17.2,2318,524),(53,44,'SOAS University of London','75.5','71.2',27.9,156,70.9,81.7,81.4,11.3,2608,606),(85,89,'Solent University','82.2','79',0.5,118,70.4,71.3,77.9,15.6,2112,475),(80,67,'St George\'s, University of London','71.9','71.9',22.2,158,93.8,80.3,93.3,11.1,2560,521),(77,85,'St Mary\'s University, Twickenham','82.2','79',4,119,72.6,75.3,81,16,1741,483),(57,53,'Staffordshire University','83.3','79.8',16.5,120,80.8,72.3,78.4,15.4,2484,564),(30,31,'Swansea University','81.2','81.5',33.7,135,85.6,78,90.8,15.4,2372,653),(85,87,'Teesside University','83.1','79.5',3.6,120,81.3,68,79.8,18,2464,477),(60,58,'Ulster University','81.8','80.3',31.8,128,71.9,76,83.3,17.4,2143,549),(8,9,'University College London','74.7','75.4',51,187,83.8,89.7,94.5,10.5,2671,780),(33,42,'University for the Creative Arts','83.8','78',3.4,143,72.7,75.1,80.1,12.9,2666,614),(26,27,'University of Aberdeen','80.6','81.1',29.9,184,80.9,87.1,90.2,16.1,2445,680),(13,11,'University of Bath','79.4','81.8',37.3,182,87.5,88.3,96.6,15.6,2541,777),(121,128,'University of Bedfordshire','80.4','77.4',7,101,70.6,63.9,66.3,17,2089,348),(14,14,'University of Birmingham','78.4','77.9',37.1,165,85.8,86.6,94.9,13.9,3036,737),(126,125,'University of Bolton','85.6','82.1',2.9,116,57.4,60.8,72.8,14.2,1488,368),(98,105,'University of Bradford','74.3','74.3',9.2,132,82.8,80.2,83,17.2,2076,448),(123,122,'University of Brighton','79.8','75.8',7.9,117,67.2,72.2,81.3,18.5,1587,380),(19,15,'University of Bristol','78.7','77.2',47.3,177,80.6,89.8,95.8,13.5,2309,730),(1,1,'University of Cambridge','','',57.3,224,86.8,93.4,98.3,11.2,3854,1000),(105,75,'University of Central Lancashire','81.3','78.7',5.6,133,76.9,71.8,79.6,14.2,2241,506),(73,79,'University of Chester','82.7','79.1',4.1,114,70.1,69.7,80.5,15.5,2803,495),(94,71,'University of Chichester','83.3','79.9',6.4,123,64.6,73.1,88,14.4,1833,515),(125,121,'University of Cumbria','78.9','73.8',1.2,126,73.6,67.4,82.7,16.8,1611,383),(75,91,'University of Derby','81.6','78.6',2.5,123,76.2,65.7,79.1,14.5,2042,474),(27,24,'University of Dundee','83.5','83.8',31.2,172,81.7,78.9,88.5,13.9,2517,690),(15,23,'University of East Anglia','79.1','79',35.8,147,77.1,87.2,90.7,13.6,2842,691),(115,127,'University of East London','78','76.1',7.2,111,65.3,68.1,75.5,18.9,2018,350),(28,25,'University of Edinburgh','73.3','72.6',43.8,190,77.5,89.5,92.1,11.9,2169,686),(29,37,'University of Essex','79.5','80.3',37.2,111,74.3,74.5,85.4,15.9,3521,630),(12,12,'University of Exeter','79.3','80.1',38,172,85.5,87.9,95.8,15.5,2987,776),(17,16,'University of Glasgow','77.4','78.2',39.9,200,85.3,84.8,89.9,13.7,2549,718),(81,95,'University of Gloucestershire','81','78',3.8,123,72.9,71.3,80.9,18.7,2055,461),(100,84,'University of Greenwich','79.9','78.4',4.9,137,70.3,77,82,17.4,2329,484),(90,88,'University of Hertfordshire','78.8','78.3',5.6,115,80.6,64.9,83.7,16,2700,476),(62,61,'University of Huddersfield','81.2','78.3',9.4,131,80,74.6,84.2,17.5,2417,540),(103,77,'University of Hull','80.8','77.1',16.7,126,76,70.4,83,16.2,2370,499),(55,54,'University of Kent','76.8','76.6',35.2,135,78.3,79.1,89,18,1827,558),(11,13,'University of Leeds','79.8','80.4',36.8,166,81.2,86.9,92.4,13.4,3043,744),(38,41,'University of Leicester','77.7','78',31.8,133,75.4,78.4,92.3,14,2749,619),(42,51,'University of Lincoln','79.5','79.3',10.3,128,81.4,75.1,88.1,14.7,2123,570),(31,29,'University of Liverpool','79.4','80',31.5,147,85.4,80.6,92.9,14.3,2445,656),(19,18,'University of Manchester','77.3','77.2',39.8,167,80.7,83.1,92.9,13.3,3144,708),(99,116,'University of Northampton','78.8','73.9',3.2,105,68.2,68,80.6,16.8,2728,407),(16,21,'University of Nottingham','78','78',37.8,161,86,84.1,93.8,14.5,2663,693),(2,2,'University of Oxford','','',53.1,215,83.5,94,98.6,10.4,3354,962),(51,56,'University of Portsmouth','80.5','79.3',8.6,115,85.4,75,85.4,15.4,2222,552),(40,38,'University of Reading','77.3','75.2',36.5,132,76,81.7,93,15.8,2785,628),(70,69,'University of Roehampton','79.2','77.2',24.5,111,72.2,68.7,74.3,14.2,2759,519),(81,111,'University of Salford','78.5','76.8',8.3,130,73.6,73.7,78.3,16.2,1980,437),(25,26,'University of Sheffield','80.6','82.1',37.6,157,84.4,81.5,92.8,15.2,2290,684),(110,114,'University of South Wales','82.5','79.5',4,125,63.4,67.3,79.8,15.6,1580,412),(18,20,'University of Southampton','79.1','78.6',44.9,160,82.1,84.9,89.3,13.5,2454,700),(3,3,'University of St Andrews','88.5','87.9',40.4,208,79.6,89.8,96.3,11.7,3220,944),(44,47,'University of Stirling','79.5','75.6',30.5,163,78.7,76.3,86.7,16.4,1865,583),(44,36,'University of Strathclyde','78.3','78.9',37.7,200,79.6,83.4,88.5,19.5,1867,634),(93,109,'University of Sunderland','79.9','77.2',5.8,115,67.1,64.7,80.4,15.8,2657,441),(23,32,'University of Surrey','76.9','78.2',29.7,156,81,85,92.6,16.1,2678,649),(41,38,'University of Sussex','76.6','76.4',31.8,148,80.4,75.6,90.7,15.8,2678,628),(94,79,'University of the Arts, London','76.3','70.1',8,137,72.2,71.3,86.2,14.8,2397,495),(58,58,'University of the West of England','83.8','83.1',8.8,126,76.3,75.4,84.3,15.3,2007,549),(92,108,'University of the West of Scotland','81.4','78',4.3,139,80.7,71.3,80.9,22.4,2205,442),(89,102,'University of Wales Trinity St David','84.6','78.6',2.6,109,66,72.9,77.2,15.2,1779,453),(10,10,'University of Warwick','79.6','79.2',44.6,180,83.2,84.3,95.1,13,2537,778),(83,52,'University of West London','85.7','84.7',1.6,124,74,74.3,78.1,14.8,2669,565),(114,119,'University of Westminster','75.2','75.1',9.8,127,70.4,70.5,81.7,19.3,1857,395),(79,98,'University of Winchester','80.5','78.5',5.8,113,63.7,76.4,86.3,16.4,1683,459),(127,124,'University of Wolverhampton','81.3','78.8',5.9,112,68.9,66.2,72.9,18,1913,374),(91,92,'University of Worcester','85.1','82.8',4.3,120,75,67.1,81.8,17.2,1629,472),(22,22,'University of York','82.6','81',38.3,158,82,80.5,92.8,14.6,1810,692),(129,130,'Wrexham Glyndwr University','79.2','74.3',2.3,113,63.5,70.4,74.8,21.2,1673,313),(102,81,'York St John University','83.9','79.9',4.1,114,73.6,68.6,87.7,18,2068,490);
/*!40000 ALTER TABLE `times_overall` ENABLE KEYS */;
UNLOCK TABLES;
/*!40103 SET TIME_ZONE=@OLD_TIME_ZONE */;

/*!40101 SET SQL_MODE=@OLD_SQL_MODE */;
/*!40014 SET FOREIGN_KEY_CHECKS=@OLD_FOREIGN_KEY_CHECKS */;
/*!40014 SET UNIQUE_CHECKS=@OLD_UNIQUE_CHECKS */;
/*!40101 SET CHARACTER_SET_CLIENT=@OLD_CHARACTER_SET_CLIENT */;
/*!40101 SET CHARACTER_SET_RESULTS=@OLD_CHARACTER_SET_RESULTS */;
/*!40101 SET COLLATION_CONNECTION=@OLD_COLLATION_CONNECTION */;
/*!40111 SET SQL_NOTES=@OLD_SQL_NOTES */;

-- Dump completed on 2020-08-28 14:00:32
